{
  "id": "4618697",
  "name": "ai_learn",
  "font_family": "iconfont",
  "css_prefix_text": "icon-",
  "description": "",
  "glyphs": [
    {
      "icon_id": "1135812",
      "name": "桌面部署",
      "font_class": "zhuomianbushu",
      "unicode": "e603",
      "unicode_decimal": 58883
    },
    {
      "icon_id": "1135877",
      "name": "对话",
      "font_class": "duihua",
      "unicode": "e60b",
      "unicode_decimal": 58891
    },
    {
      "icon_id": "1165878",
      "name": "展开",
      "font_class": "zhankai",
      "unicode": "e650",
      "unicode_decimal": 58960
    },
    {
      "icon_id": "1168206",
      "name": "个人信息",
      "font_class": "gerenxinxi",
      "unicode": "e660",
      "unicode_decimal": 58976
    },
    {
      "icon_id": "1176168",
      "name": "选项卡箭头",
      "font_class": "xuanxiangqiajiantou",
      "unicode": "e666",
      "unicode_decimal": 58982
    },
    {
      "icon_id": "6265397",
      "name": "流程-其他投递机会及归属",
      "font_class": "flow-others",
      "unicode": "e65b",
      "unicode_decimal": 58971
    },
    {
      "icon_id": "12467730",
      "name": "哆啦A梦",
      "font_class": "duolaAmeng",
      "unicode": "e601",
      "unicode_decimal": 58881
    }
  ]
}
